,Brand,Link
0,Acer,https://www.gsmarena.com/acer-phones-59.php
1,Acer,https://www.gsmarena.com/acer-phones-f-59-0-p2.php
2,Acer,https://www.gsmarena.com/acer-phones-f-59-0-p3.php
3,alcatel,https://www.gsmarena.com/alcatel-phones-5.php
4,alcatel,https://www.gsmarena.com/alcatel-phones-f-5-0-p2.php
5,alcatel,https://www.gsmarena.com/alcatel-phones-f-5-0-p3.php
6,alcatel,https://www.gsmarena.com/alcatel-phones-f-5-0-p4.php
7,alcatel,https://www.gsmarena.com/alcatel-phones-f-5-0-p5.php
8,alcatel,https://www.gsmarena.com/alcatel-phones-f-5-0-p6.php
9,alcatel,https://www.gsmarena.com/alcatel-phones-f-5-0-p7.php
10,alcatel,https://www.gsmarena.com/alcatel-phones-f-5-0-p8.php
11,alcatel,https://www.gsmarena.com/alcatel-phones-f-5-0-p9.php
12,alcatel,https://www.gsmarena.com/alcatel-phones-f-5-0-p10.php
13,Allview,https://www.gsmarena.com/allview-phones-88.php
14,Allview,https://www.gsmarena.com/allview-phones-f-88-0-p2.php
15,Allview,https://www.gsmarena.com/allview-phones-f-88-0-p3.php
16,Allview,https://www.gsmarena.com/allview-phones-f-88-0-p4.php
17,Amazon,https://www.gsmarena.com/amazon-phones-76.php
18,Amoi,https://www.gsmarena.com/amoi-phones-28.php
19,Amoi,https://www.gsmarena.com/amoi-phones-f-28-0-p2.php
20,Apple,https://www.gsmarena.com/apple-phones-48.php
21,Apple,https://www.gsmarena.com/apple-phones-f-48-0-p2.php
22,Apple,https://www.gsmarena.com/apple-phones-f-48-0-p3.php
23,Archos,https://www.gsmarena.com/archos-phones-90.php
24,Archos,https://www.gsmarena.com/archos-phones-f-90-0-p2.php
25,Asus,https://www.gsmarena.com/asus-phones-46.php
26,Asus,https://www.gsmarena.com/asus-phones-f-46-0-p2.php
27,Asus,https://www.gsmarena.com/asus-phones-f-46-0-p3.php
28,Asus,https://www.gsmarena.com/asus-phones-f-46-0-p4.php
29,Asus,https://www.gsmarena.com/asus-phones-f-46-0-p5.php
30,AT&T,https://www.gsmarena.com/at&t-phones-57.php
31,Benefon,https://www.gsmarena.com/benefon-phones-15.php
32,BenQ,https://www.gsmarena.com/benq-phones-31.php
33,BenQ,https://www.gsmarena.com/benq-phones-f-31-0-p2.php
34,BenQ-Siemens,https://www.gsmarena.com/benq_siemens-phones-42.php
35,Bird,https://www.gsmarena.com/bird-phones-34.php
36,Bird,https://www.gsmarena.com/bird-phones-f-34-0-p2.php
37,Bird,https://www.gsmarena.com/bird-phones-f-34-0-p3.php
38,BlackBerry,https://www.gsmarena.com/blackberry-phones-36.php
39,BlackBerry,https://www.gsmarena.com/blackberry-phones-f-36-0-p2.php
40,BlackBerry,https://www.gsmarena.com/blackberry-phones-f-36-0-p3.php
41,Blackview,https://www.gsmarena.com/blackview-phones-116.php
42,Blackview,https://www.gsmarena.com/blackview-phones-f-116-0-p2.php
43,Blackview,https://www.gsmarena.com/blackview-phones-f-116-0-p3.php
44,BLU,https://www.gsmarena.com/blu-phones-67.php
45,BLU,https://www.gsmarena.com/blu-phones-f-67-0-p2.php
46,BLU,https://www.gsmarena.com/blu-phones-f-67-0-p3.php
47,BLU,https://www.gsmarena.com/blu-phones-f-67-0-p4.php
48,BLU,https://www.gsmarena.com/blu-phones-f-67-0-p5.php
49,BLU,https://www.gsmarena.com/blu-phones-f-67-0-p6.php
50,BLU,https://www.gsmarena.com/blu-phones-f-67-0-p7.php
51,BLU,https://www.gsmarena.com/blu-phones-f-67-0-p8.php
52,BLU,https://www.gsmarena.com/blu-phones-f-67-0-p9.php
53,BLU,https://www.gsmarena.com/blu-phones-f-67-0-p10.php
54,Bosch,https://www.gsmarena.com/bosch-phones-10.php
55,BQ,https://www.gsmarena.com/bq-phones-108.php
56,Casio,https://www.gsmarena.com/casio-phones-77.php
57,Cat,https://www.gsmarena.com/cat-phones-89.php
58,Celkon,https://www.gsmarena.com/celkon-phones-75.php
59,Celkon,https://www.gsmarena.com/celkon-phones-f-75-0-p2.php
60,Celkon,https://www.gsmarena.com/celkon-phones-f-75-0-p3.php
61,Celkon,https://www.gsmarena.com/celkon-phones-f-75-0-p4.php
62,Celkon,https://www.gsmarena.com/celkon-phones-f-75-0-p5.php
63,Celkon,https://www.gsmarena.com/celkon-phones-f-75-0-p6.php
64,Chea,https://www.gsmarena.com/chea-phones-24.php
65,Coolpad,https://www.gsmarena.com/coolpad-phones-105.php
66,Coolpad,https://www.gsmarena.com/coolpad-phones-f-105-0-p2.php
67,Cubot,https://www.gsmarena.com/cubot-phones-130.php
68,Cubot,https://www.gsmarena.com/cubot-phones-f-130-0-p2.php
69,Dell,https://www.gsmarena.com/dell-phones-61.php
70,Doogee,https://www.gsmarena.com/doogee-phones-129.php
71,Doogee,https://www.gsmarena.com/doogee-phones-f-129-0-p2.php
72,Doogee,https://www.gsmarena.com/doogee-phones-f-129-0-p3.php
73,Emporia,https://www.gsmarena.com/emporia-phones-93.php
74,Energizer,https://www.gsmarena.com/energizer-phones-106.php
75,Energizer,https://www.gsmarena.com/energizer-phones-f-106-0-p2.php
76,Ericsson,https://www.gsmarena.com/ericsson-phones-2.php
77,Eten,https://www.gsmarena.com/eten-phones-40.php
78,Eten,https://www.gsmarena.com/eten-phones-f-40-0-p2.php
79,Fairphone,https://www.gsmarena.com/fairphone-phones-127.php
80,Fujitsu Siemens,https://www.gsmarena.com/fujitsu_siemens-phones-50.php
81,Garmin-Asus,https://www.gsmarena.com/garmin_asus-phones-65.php
82,Gigabyte,https://www.gsmarena.com/gigabyte-phones-47.php
83,Gigabyte,https://www.gsmarena.com/gigabyte-phones-f-47-0-p2.php
84,Gionee,https://www.gsmarena.com/gionee-phones-92.php
85,Gionee,https://www.gsmarena.com/gionee-phones-f-92-0-p2.php
86,Gionee,https://www.gsmarena.com/gionee-phones-f-92-0-p3.php
87,Google,https://www.gsmarena.com/google-phones-107.php
88,Haier,https://www.gsmarena.com/haier-phones-33.php
89,Haier,https://www.gsmarena.com/haier-phones-f-33-0-p2.php
90,Haier,https://www.gsmarena.com/haier-phones-f-33-0-p3.php
91,Haier,https://www.gsmarena.com/haier-phones-f-33-0-p4.php
92,Honor,https://www.gsmarena.com/honor-phones-121.php
93,Honor,https://www.gsmarena.com/honor-phones-f-121-0-p2.php
94,Honor,https://www.gsmarena.com/honor-phones-f-121-0-p3.php
95,Honor,https://www.gsmarena.com/honor-phones-f-121-0-p4.php
96,Honor,https://www.gsmarena.com/honor-phones-f-121-0-p5.php
97,Honor,https://www.gsmarena.com/honor-phones-f-121-0-p6.php
98,Honor,https://www.gsmarena.com/honor-phones-f-121-0-p7.php
99,Honor,https://www.gsmarena.com/honor-phones-f-121-0-p8.php
100,HP,https://www.gsmarena.com/hp-phones-41.php
101,HP,https://www.gsmarena.com/hp-phones-f-41-0-p2.php
102,HTC,https://www.gsmarena.com/htc-phones-45.php
103,HTC,https://www.gsmarena.com/htc-phones-f-45-0-p2.php
104,HTC,https://www.gsmarena.com/htc-phones-f-45-0-p3.php
105,HTC,https://www.gsmarena.com/htc-phones-f-45-0-p4.php
106,HTC,https://www.gsmarena.com/htc-phones-f-45-0-p5.php
107,HTC,https://www.gsmarena.com/htc-phones-f-45-0-p6.php
108,HTC,https://www.gsmarena.com/htc-phones-f-45-0-p7.php
109,HTC,https://www.gsmarena.com/htc-phones-f-45-0-p8.php
110,Huawei,https://www.gsmarena.com/huawei-phones-58.php
111,Huawei,https://www.gsmarena.com/huawei-phones-f-58-0-p2.php
112,Huawei,https://www.gsmarena.com/huawei-phones-f-58-0-p3.php
113,Huawei,https://www.gsmarena.com/huawei-phones-f-58-0-p4.php
114,Huawei,https://www.gsmarena.com/huawei-phones-f-58-0-p5.php
115,Huawei,https://www.gsmarena.com/huawei-phones-f-58-0-p6.php
116,Huawei,https://www.gsmarena.com/huawei-phones-f-58-0-p7.php
117,Huawei,https://www.gsmarena.com/huawei-phones-f-58-0-p8.php
118,Huawei,https://www.gsmarena.com/huawei-phones-f-58-0-p9.php
119,Huawei,https://www.gsmarena.com/huawei-phones-f-58-0-p10.php
120,Huawei,https://www.gsmarena.com/huawei-phones-f-58-0-p11.php
121,i-mate,https://www.gsmarena.com/i_mate-phones-35.php
122,i-mobile,https://www.gsmarena.com/i_mobile-phones-52.php
123,Icemobile,https://www.gsmarena.com/icemobile-phones-69.php
124,Icemobile,https://www.gsmarena.com/icemobile-phones-f-69-0-p2.php
125,Infinix,https://www.gsmarena.com/infinix-phones-119.php
126,Infinix,https://www.gsmarena.com/infinix-phones-f-119-0-p2.php
127,Infinix,https://www.gsmarena.com/infinix-phones-f-119-0-p3.php
128,Infinix,https://www.gsmarena.com/infinix-phones-f-119-0-p4.php
129,Infinix,https://www.gsmarena.com/infinix-phones-f-119-0-p5.php
130,Innostream,https://www.gsmarena.com/innostream-phones-29.php
131,iNQ,https://www.gsmarena.com/inq-phones-60.php
132,Intex,https://www.gsmarena.com/intex-phones-102.php
133,itel,https://www.gsmarena.com/itel-phones-131.php
134,Jolla,https://www.gsmarena.com/jolla-phones-84.php
135,Karbonn,https://www.gsmarena.com/karbonn-phones-83.php
136,Karbonn,https://www.gsmarena.com/karbonn-phones-f-83-0-p2.php
137,Kyocera,https://www.gsmarena.com/kyocera-phones-17.php
138,Lava,https://www.gsmarena.com/lava-phones-94.php
139,Lava,https://www.gsmarena.com/lava-phones-f-94-0-p2.php
140,Lava,https://www.gsmarena.com/lava-phones-f-94-0-p3.php
141,Lava,https://www.gsmarena.com/lava-phones-f-94-0-p4.php
142,LeEco,https://www.gsmarena.com/leeco-phones-109.php
143,Lenovo,https://www.gsmarena.com/lenovo-phones-73.php
144,Lenovo,https://www.gsmarena.com/lenovo-phones-f-73-0-p2.php
145,Lenovo,https://www.gsmarena.com/lenovo-phones-f-73-0-p3.php
146,Lenovo,https://www.gsmarena.com/lenovo-phones-f-73-0-p4.php
147,Lenovo,https://www.gsmarena.com/lenovo-phones-f-73-0-p5.php
148,Lenovo,https://www.gsmarena.com/lenovo-phones-f-73-0-p6.php
149,LG,https://www.gsmarena.com/lg-phones-20.php
150,LG,https://www.gsmarena.com/lg-phones-f-20-0-p2.php
151,LG,https://www.gsmarena.com/lg-phones-f-20-0-p3.php
152,LG,https://www.gsmarena.com/lg-phones-f-20-0-p4.php
153,LG,https://www.gsmarena.com/lg-phones-f-20-0-p5.php
154,LG,https://www.gsmarena.com/lg-phones-f-20-0-p6.php
155,LG,https://www.gsmarena.com/lg-phones-f-20-0-p7.php
156,LG,https://www.gsmarena.com/lg-phones-f-20-0-p8.php
157,LG,https://www.gsmarena.com/lg-phones-f-20-0-p9.php
158,LG,https://www.gsmarena.com/lg-phones-f-20-0-p10.php
159,LG,https://www.gsmarena.com/lg-phones-f-20-0-p11.php
160,Maxon,https://www.gsmarena.com/maxon-phones-14.php
161,Maxon,https://www.gsmarena.com/maxon-phones-f-14-0-p2.php
162,Maxwest,https://www.gsmarena.com/maxwest-phones-87.php
163,Maxwest,https://www.gsmarena.com/maxwest-phones-f-87-0-p2.php
164,Meizu,https://www.gsmarena.com/meizu-phones-74.php
165,Meizu,https://www.gsmarena.com/meizu-phones-f-74-0-p2.php
166,Micromax,https://www.gsmarena.com/micromax-phones-66.php
167,Micromax,https://www.gsmarena.com/micromax-phones-f-66-0-p2.php
168,Micromax,https://www.gsmarena.com/micromax-phones-f-66-0-p3.php
169,Micromax,https://www.gsmarena.com/micromax-phones-f-66-0-p4.php
170,Micromax,https://www.gsmarena.com/micromax-phones-f-66-0-p5.php
171,Micromax,https://www.gsmarena.com/micromax-phones-f-66-0-p6.php
172,Micromax,https://www.gsmarena.com/micromax-phones-f-66-0-p7.php
173,Micromax,https://www.gsmarena.com/micromax-phones-f-66-0-p8.php
174,Microsoft,https://www.gsmarena.com/microsoft-phones-64.php
175,Mitac,https://www.gsmarena.com/mitac-phones-25.php
176,Mitsubishi,https://www.gsmarena.com/mitsubishi-phones-8.php
177,Mitsubishi,https://www.gsmarena.com/mitsubishi-phones-f-8-0-p2.php
178,Modu,https://www.gsmarena.com/modu-phones-63.php
179,Motorola,https://www.gsmarena.com/motorola-phones-4.php
180,Motorola,https://www.gsmarena.com/motorola-phones-f-4-0-p2.php
181,Motorola,https://www.gsmarena.com/motorola-phones-f-4-0-p3.php
182,Motorola,https://www.gsmarena.com/motorola-phones-f-4-0-p4.php
183,Motorola,https://www.gsmarena.com/motorola-phones-f-4-0-p5.php
184,Motorola,https://www.gsmarena.com/motorola-phones-f-4-0-p6.php
185,Motorola,https://www.gsmarena.com/motorola-phones-f-4-0-p7.php
186,Motorola,https://www.gsmarena.com/motorola-phones-f-4-0-p8.php
187,Motorola,https://www.gsmarena.com/motorola-phones-f-4-0-p9.php
188,Motorola,https://www.gsmarena.com/motorola-phones-f-4-0-p10.php
189,Motorola,https://www.gsmarena.com/motorola-phones-f-4-0-p11.php
190,Motorola,https://www.gsmarena.com/motorola-phones-f-4-0-p12.php
191,MWg,https://www.gsmarena.com/mwg-phones-56.php
192,NEC,https://www.gsmarena.com/nec-phones-12.php
193,NEC,https://www.gsmarena.com/nec-phones-f-12-0-p2.php
194,Neonode,https://www.gsmarena.com/neonode-phones-22.php
195,NIU,https://www.gsmarena.com/niu-phones-79.php
196,Nokia,https://www.gsmarena.com/nokia-phones-1.php
197,Nokia,https://www.gsmarena.com/nokia-phones-f-1-0-p2.php
198,Nokia,https://www.gsmarena.com/nokia-phones-f-1-0-p3.php
199,Nokia,https://www.gsmarena.com/nokia-phones-f-1-0-p4.php
200,Nokia,https://www.gsmarena.com/nokia-phones-f-1-0-p5.php
201,Nokia,https://www.gsmarena.com/nokia-phones-f-1-0-p6.php
202,Nokia,https://www.gsmarena.com/nokia-phones-f-1-0-p7.php
203,Nokia,https://www.gsmarena.com/nokia-phones-f-1-0-p8.php
204,Nokia,https://www.gsmarena.com/nokia-phones-f-1-0-p9.php
205,Nokia,https://www.gsmarena.com/nokia-phones-f-1-0-p10.php
206,Nokia,https://www.gsmarena.com/nokia-phones-f-1-0-p11.php
207,Nokia,https://www.gsmarena.com/nokia-phones-f-1-0-p12.php
208,Nokia,https://www.gsmarena.com/nokia-phones-f-1-0-p13.php
209,Nokia,https://www.gsmarena.com/nokia-phones-f-1-0-p14.php
210,Nokia,https://www.gsmarena.com/nokia-phones-f-1-0-p15.php
211,Nothing,https://www.gsmarena.com/nothing-phones-128.php
212,Nvidia,https://www.gsmarena.com/nvidia-phones-97.php
213,O2,https://www.gsmarena.com/o2-phones-30.php
214,O2,https://www.gsmarena.com/o2-phones-f-30-0-p2.php
215,OnePlus,https://www.gsmarena.com/oneplus-phones-95.php
216,OnePlus,https://www.gsmarena.com/oneplus-phones-f-95-0-p2.php
217,OnePlus,https://www.gsmarena.com/oneplus-phones-f-95-0-p3.php
218,Oppo,https://www.gsmarena.com/oppo-phones-82.php
219,Oppo,https://www.gsmarena.com/oppo-phones-f-82-0-p2.php
220,Oppo,https://www.gsmarena.com/oppo-phones-f-82-0-p3.php
221,Oppo,https://www.gsmarena.com/oppo-phones-f-82-0-p4.php
222,Oppo,https://www.gsmarena.com/oppo-phones-f-82-0-p5.php
223,Oppo,https://www.gsmarena.com/oppo-phones-f-82-0-p6.php
224,Oppo,https://www.gsmarena.com/oppo-phones-f-82-0-p7.php
225,Orange,https://www.gsmarena.com/orange-phones-71.php
226,Oukitel,https://www.gsmarena.com/oukitel-phones-132.php
227,Palm,https://www.gsmarena.com/palm-phones-27.php
228,Palm,https://www.gsmarena.com/palm-phones-f-27-0-p2.php
229,Panasonic,https://www.gsmarena.com/panasonic-phones-6.php
230,Panasonic,https://www.gsmarena.com/panasonic-phones-f-6-0-p2.php
231,Panasonic,https://www.gsmarena.com/panasonic-phones-f-6-0-p3.php
232,Panasonic,https://www.gsmarena.com/panasonic-phones-f-6-0-p4.php
233,Panasonic,https://www.gsmarena.com/panasonic-phones-f-6-0-p5.php
234,Pantech,https://www.gsmarena.com/pantech-phones-32.php
235,Pantech,https://www.gsmarena.com/pantech-phones-f-32-0-p2.php
236,Pantech,https://www.gsmarena.com/pantech-phones-f-32-0-p3.php
237,Parla,https://www.gsmarena.com/parla-phones-81.php
238,Philips,https://www.gsmarena.com/philips-phones-11.php
239,Philips,https://www.gsmarena.com/philips-phones-f-11-0-p2.php
240,Philips,https://www.gsmarena.com/philips-phones-f-11-0-p3.php
241,Philips,https://www.gsmarena.com/philips-phones-f-11-0-p4.php
242,Philips,https://www.gsmarena.com/philips-phones-f-11-0-p5.php
243,Philips,https://www.gsmarena.com/philips-phones-f-11-0-p6.php
244,Philips,https://www.gsmarena.com/philips-phones-f-11-0-p7.php
245,Philips,https://www.gsmarena.com/philips-phones-f-11-0-p8.php
246,Plum,https://www.gsmarena.com/plum-phones-72.php
247,Plum,https://www.gsmarena.com/plum-phones-f-72-0-p2.php
248,Plum,https://www.gsmarena.com/plum-phones-f-72-0-p3.php
249,Posh,https://www.gsmarena.com/posh-phones-101.php
250,Prestigio,https://www.gsmarena.com/prestigio-phones-86.php
251,Prestigio,https://www.gsmarena.com/prestigio-phones-f-86-0-p2.php
252,QMobile,https://www.gsmarena.com/qmobile-phones-103.php
253,QMobile,https://www.gsmarena.com/qmobile-phones-f-103-0-p2.php
254,QMobile,https://www.gsmarena.com/qmobile-phones-f-103-0-p3.php
255,Qtek,https://www.gsmarena.com/qtek-phones-38.php
256,Razer,https://www.gsmarena.com/razer-phones-117.php
257,Realme,https://www.gsmarena.com/realme-phones-118.php
258,Realme,https://www.gsmarena.com/realme-phones-f-118-0-p2.php
259,Realme,https://www.gsmarena.com/realme-phones-f-118-0-p3.php
260,Realme,https://www.gsmarena.com/realme-phones-f-118-0-p4.php
261,Sagem,https://www.gsmarena.com/sagem-phones-13.php
262,Sagem,https://www.gsmarena.com/sagem-phones-f-13-0-p2.php
263,Sagem,https://www.gsmarena.com/sagem-phones-f-13-0-p3.php
264,Samsung,https://www.gsmarena.com/samsung-phones-9.php
265,Samsung,https://www.gsmarena.com/samsung-phones-f-9-0-p2.php
266,Samsung,https://www.gsmarena.com/samsung-phones-f-9-0-p3.php
267,Samsung,https://www.gsmarena.com/samsung-phones-f-9-0-p4.php
268,Samsung,https://www.gsmarena.com/samsung-phones-f-9-0-p5.php
269,Samsung,https://www.gsmarena.com/samsung-phones-f-9-0-p6.php
270,Samsung,https://www.gsmarena.com/samsung-phones-f-9-0-p7.php
271,Samsung,https://www.gsmarena.com/samsung-phones-f-9-0-p8.php
272,Samsung,https://www.gsmarena.com/samsung-phones-f-9-0-p9.php
273,Samsung,https://www.gsmarena.com/samsung-phones-f-9-0-p10.php
274,Samsung,https://www.gsmarena.com/samsung-phones-f-9-0-p11.php
275,Samsung,https://www.gsmarena.com/samsung-phones-f-9-0-p12.php
276,Samsung,https://www.gsmarena.com/samsung-phones-f-9-0-p13.php
277,Samsung,https://www.gsmarena.com/samsung-phones-f-9-0-p14.php
278,Samsung,https://www.gsmarena.com/samsung-phones-f-9-0-p15.php
279,Samsung,https://www.gsmarena.com/samsung-phones-f-9-0-p16.php
280,Sendo,https://www.gsmarena.com/sendo-phones-18.php
281,Sewon,https://www.gsmarena.com/sewon-phones-26.php
282,Sewon,https://www.gsmarena.com/sewon-phones-f-26-0-p2.php
283,Sharp,https://www.gsmarena.com/sharp-phones-23.php
284,Sharp,https://www.gsmarena.com/sharp-phones-f-23-0-p2.php
285,Sharp,https://www.gsmarena.com/sharp-phones-f-23-0-p3.php
286,Sharp,https://www.gsmarena.com/sharp-phones-f-23-0-p4.php
287,Sharp,https://www.gsmarena.com/sharp-phones-f-23-0-p5.php
288,Siemens,https://www.gsmarena.com/siemens-phones-3.php
289,Siemens,https://www.gsmarena.com/siemens-phones-f-3-0-p2.php
290,Siemens,https://www.gsmarena.com/siemens-phones-f-3-0-p3.php
291,Sonim,https://www.gsmarena.com/sonim-phones-54.php
292,Sony,https://www.gsmarena.com/sony-phones-7.php
293,Sony,https://www.gsmarena.com/sony-phones-f-7-0-p2.php
294,Sony,https://www.gsmarena.com/sony-phones-f-7-0-p3.php
295,Sony,https://www.gsmarena.com/sony-phones-f-7-0-p4.php
296,Sony,https://www.gsmarena.com/sony-phones-f-7-0-p5.php
297,Sony,https://www.gsmarena.com/sony-phones-f-7-0-p6.php
298,Sony Ericsson,https://www.gsmarena.com/sony_ericsson-phones-19.php
299,Sony Ericsson,https://www.gsmarena.com/sony_ericsson-phones-f-19-0-p2.php
300,Sony Ericsson,https://www.gsmarena.com/sony_ericsson-phones-f-19-0-p3.php
301,Sony Ericsson,https://www.gsmarena.com/sony_ericsson-phones-f-19-0-p4.php
302,Spice,https://www.gsmarena.com/spice-phones-68.php
303,Spice,https://www.gsmarena.com/spice-phones-f-68-0-p2.php
304,Spice,https://www.gsmarena.com/spice-phones-f-68-0-p3.php
305,T-Mobile,https://www.gsmarena.com/t_mobile-phones-55.php
306,T-Mobile,https://www.gsmarena.com/t_mobile-phones-f-55-0-p2.php
307,TCL,https://www.gsmarena.com/tcl-phones-123.php
308,TCL,https://www.gsmarena.com/tcl-phones-f-123-0-p2.php
309,TCL,https://www.gsmarena.com/tcl-phones-f-123-0-p3.php
310,Tecno,https://www.gsmarena.com/tecno-phones-120.php
311,Tecno,https://www.gsmarena.com/tecno-phones-f-120-0-p2.php
312,Tecno,https://www.gsmarena.com/tecno-phones-f-120-0-p3.php
313,Tecno,https://www.gsmarena.com/tecno-phones-f-120-0-p4.php
314,Tecno,https://www.gsmarena.com/tecno-phones-f-120-0-p5.php
315,Tel.Me.,https://www.gsmarena.com/tel_me_-phones-21.php
316,Telit,https://www.gsmarena.com/telit-phones-16.php
317,Thuraya,https://www.gsmarena.com/thuraya-phones-49.php
318,Toshiba,https://www.gsmarena.com/toshiba-phones-44.php
319,Ulefone,https://www.gsmarena.com/ulefone-phones-124.php
320,Ulefone,https://www.gsmarena.com/ulefone-phones-f-124-0-p2.php
321,Ulefone,https://www.gsmarena.com/ulefone-phones-f-124-0-p3.php
322,Ulefone,https://www.gsmarena.com/ulefone-phones-f-124-0-p4.php
323,Unnecto,https://www.gsmarena.com/unnecto-phones-91.php
324,Vertu,https://www.gsmarena.com/vertu-phones-39.php
325,verykool,https://www.gsmarena.com/verykool-phones-70.php
326,verykool,https://www.gsmarena.com/verykool-phones-f-70-0-p2.php
327,verykool,https://www.gsmarena.com/verykool-phones-f-70-0-p3.php
328,verykool,https://www.gsmarena.com/verykool-phones-f-70-0-p4.php
329,vivo,https://www.gsmarena.com/vivo-phones-98.php
330,vivo,https://www.gsmarena.com/vivo-phones-f-98-0-p2.php
331,vivo,https://www.gsmarena.com/vivo-phones-f-98-0-p3.php
332,vivo,https://www.gsmarena.com/vivo-phones-f-98-0-p4.php
333,vivo,https://www.gsmarena.com/vivo-phones-f-98-0-p5.php
334,vivo,https://www.gsmarena.com/vivo-phones-f-98-0-p6.php
335,vivo,https://www.gsmarena.com/vivo-phones-f-98-0-p7.php
336,vivo,https://www.gsmarena.com/vivo-phones-f-98-0-p8.php
337,vivo,https://www.gsmarena.com/vivo-phones-f-98-0-p9.php
338,vivo,https://www.gsmarena.com/vivo-phones-f-98-0-p10.php
339,VK Mobile,https://www.gsmarena.com/vk_mobile-phones-37.php
340,Vodafone,https://www.gsmarena.com/vodafone-phones-53.php
341,Vodafone,https://www.gsmarena.com/vodafone-phones-f-53-0-p2.php
342,Vodafone,https://www.gsmarena.com/vodafone-phones-f-53-0-p3.php
343,Vodafone,https://www.gsmarena.com/vodafone-phones-f-53-0-p4.php
344,Wiko,https://www.gsmarena.com/wiko-phones-96.php
345,Wiko,https://www.gsmarena.com/wiko-phones-f-96-0-p2.php
346,Wiko,https://www.gsmarena.com/wiko-phones-f-96-0-p3.php
347,WND,https://www.gsmarena.com/wnd-phones-51.php
348,XCute,https://www.gsmarena.com/xcute-phones-43.php
349,Xiaomi,https://www.gsmarena.com/xiaomi-phones-80.php
350,Xiaomi,https://www.gsmarena.com/xiaomi-phones-f-80-0-p2.php
351,Xiaomi,https://www.gsmarena.com/xiaomi-phones-f-80-0-p3.php
352,Xiaomi,https://www.gsmarena.com/xiaomi-phones-f-80-0-p4.php
353,Xiaomi,https://www.gsmarena.com/xiaomi-phones-f-80-0-p5.php
354,Xiaomi,https://www.gsmarena.com/xiaomi-phones-f-80-0-p6.php
355,Xiaomi,https://www.gsmarena.com/xiaomi-phones-f-80-0-p7.php
356,Xiaomi,https://www.gsmarena.com/xiaomi-phones-f-80-0-p8.php
357,Xiaomi,https://www.gsmarena.com/xiaomi-phones-f-80-0-p9.php
358,XOLO,https://www.gsmarena.com/xolo-phones-85.php
359,XOLO,https://www.gsmarena.com/xolo-phones-f-85-0-p2.php
360,Yezz,https://www.gsmarena.com/yezz-phones-78.php
361,Yezz,https://www.gsmarena.com/yezz-phones-f-78-0-p2.php
362,Yezz,https://www.gsmarena.com/yezz-phones-f-78-0-p3.php
363,Yota,https://www.gsmarena.com/yota-phones-99.php
364,YU,https://www.gsmarena.com/yu-phones-100.php
365,ZTE,https://www.gsmarena.com/zte-phones-62.php
366,ZTE,https://www.gsmarena.com/zte-phones-f-62-0-p2.php
367,ZTE,https://www.gsmarena.com/zte-phones-f-62-0-p3.php
368,ZTE,https://www.gsmarena.com/zte-phones-f-62-0-p4.php
369,ZTE,https://www.gsmarena.com/zte-phones-f-62-0-p5.php
370,ZTE,https://www.gsmarena.com/zte-phones-f-62-0-p6.php
371,ZTE,https://www.gsmarena.com/zte-phones-f-62-0-p7.php
372,ZTE,https://www.gsmarena.com/zte-phones-f-62-0-p8.php
373,ZTE,https://www.gsmarena.com/zte-phones-f-62-0-p9.php
